"","X1","X2","X3"
"1",3.47835102357401,-3.27422953126214,1.89521336965206
"2",0.902412113800803,-2.2327748969435,0.193184242982846
"3",-1.86784858402192,-3.38884558614123,-0.698421552616218
"4",-2.39926608222186,-2.76758010147762,-1.38390239210871
"5",-2.55509351853554,-1.71177945686796,-2.89127178231349
"6",-4.67914390920759,0.866808765051165,-3.35047261348864
"7",-3.18915050089288,-0.0411468135848835,-4.76452384267391
"8",-2.90709181036567,-1.06850392463384,-3.78978387481033
"9",-1.63679166925019,0.109643114658234,-5.71893308834415
"10",-1.08875750098694,-0.945687546734547,-6.21571919234065
"11",-2.78742706998272,-2.1499936383538,-6.73105683657434
"12",-2.60154462365061,-3.49583129809657,-6.73446568575363
"13",-4.83594015107332,-2.9294155267754,-8.19817961229333
"14",-6.57832384271087,-2.44870636758729,-7.2418317341158
"15",-5.66654654630018,-1.51576015326114,-8.19109720279226
"16",-4.53597690429315,-2.63553411746776,-7.8243835483748
"17",-5.53347251821034,-1.36541665850809,-8.74563306573918
"18",-3.140431164619,-1.98026528384928,-9.12491602903997
"19",-1.72877073622252,-1.0230581872696,-9.33008510241311
"20",-3.135879650141,-0.338944992650004,-8.04553408198972
"21",-4.11926212221468,-0.378585027585034,-6.12986013577567
"22",-3.14422083898183,-1.49319085337018,-3.23354622772781
"23",-4.78596683717523,-1.00060151909881,-2.69534927914307
"24",-4.55052875421494,0.669702148354041,-0.242429493294847
"25",-1.98831160035093,1.52451982269992,-0.684109203008338
"26",1.32339246709849,1.17575792517434,1.08125282936992
"27",2.11452979181996,0.764203144367138,3.88732490400003
"28",4.35205254202344,-0.233326306914249,3.29863777676633
"29",3.29493804188063,-1.41105004387042,3.06839408495898
"30",2.09989948651353,0.226764578535842,0.487916816500887
"31",2.86586570504797,1.09859376480708,0.425122219654804
"32",1.91023930110159,0.625310279827894,2.88592344665542
"33",2.75075317959538,1.09415385454492,-0.076030949795606
"34",3.09203707889062,1.49003200834942,-0.320685891985034
"35",3.18960403214461,1.50773034511761,1.09936828504909
"36",4.71552585821739,1.07508795303746,2.03891676046948
"37",5.71505494313087,0.916164618954884,1.20959515596572
"38",4.41019417492359,1.50635634537085,2.46798204146297
"39",5.43421441309927,1.74397057048408,4.3108007018776
"40",5.30417177757895,2.79749396602834,3.50531243785139
"41",7.24535795676754,1.84248839862643,5.74891908910246
"42",7.15413855511677,0.992592827516482,6.12196588571621
"43",6.82868811183097,0.789654074234262,5.49615162672535
"44",5.20462707360118,1.82950937880795,5.07521957253336
"45",5.88902706797743,2.80330277681179,7.2252843515681
"46",8.50515919019866,1.9203360560405,8.68501184860413
"47",9.98012901718832,0.21802244414027,7.11933752872935
"48",8.28187887812499,-0.417612408491241,8.0476917841984
"49",7.54453786151457,-3.01074814193035,4.43808168042693
"50",4.46950913569986,-2.02309218801059,3.28033853943894
"51",2.16993269447384,0.22204892866138,-0.956401985647442
"52",0.847483259670209,0.34379567125609,-1.07614669030829
"53",0.149078991173823,-0.908338946679931,-1.12494553127184
"54",-2.1644777954685,-1.39839464468865,-0.713052162758279
"55",-3.61753461583032,-0.19844509537911,-1.35996346001789
"56",-2.65516872745398,-2.30662531629317,-3.16157675701036
"57",-3.82767361532006,-0.0945243512896274,-3.42895140069283
"58",-3.25152207544659,1.19571513573527,-2.95397895251764
"59",-1.65436817728072,2.48634459344954,-2.5955307192439
"60",0.51989464500622,1.1242044152733,-0.631157681833423
"61",-0.311673763945553,1.02043457729243,1.37554257704835
"62",0.479930592245886,0.518962836911018,2.53036856866966
"63",2.14864533085892,1.40294090022326,3.23940105891724
"64",4.25465210043355,0.133329291381707,3.65066722069362
"65",4.45249464084534,-0.487779865859735,3.74437916434983
"66",3.2569009523593,0.644931938579254,0.758164504927632
"67",3.45286881172851,1.53837375063541,1.67366921723767
"68",5.43386736334703,1.15647998543607,2.45647997013804
"69",6.1287577161721,0.739599888342496,4.31841981436218
"70",7.57645352770502,0.0241898055678021,2.95865933823501
"71",7.4015248603791,0.737513695327182,3.10578370896881
"72",5.54613261382028,0.756469735647431,4.13498128937102
"73",4.67585781558961,0.944949908852132,1.59677295915025
"74",5.68499409234357,-0.634376099413425,0.447193271097557
"75",5.34342821854306,0.229317302501558,-0.720855751811358
"76",4.03781561076006,1.07937322092993,0.697473660208924
"77",4.04172257269535,0.193418731139962,1.02192626093747
"78",3.82200313901454,-0.0327789284670869,-0.021428960027895
"79",2.10896916622025,-0.0488096424445279,-0.0541061621506256
"80",1.14789066663793,-0.220719389547397,0.107208802814566
"81",1.24472598516394,1.4973439484823,2.45641968296432
"82",2.71580478634682,0.305455030751969,3.89132351236282
"83",1.25808482645565,1.73764777469421,2.50917291812649
"84",2.70426802198823,3.32314063554906,4.09999990521758
"85",4.83823664415848,3.2999810308612,7.59373140085294
"86",5.65093866669267,3.25736881777166,10.0508065086486
"87",6.59263721005887,3.13426789808302,10.5728420331241
"88",7.89098357274088,3.60759519958641,10.8121099428669
"89",9.04260510704681,2.49970303460584,10.6889446201814
"90",7.06091971133204,1.28185622731197,12.2507008839129
"91",6.60502747097435,-0.252703858800585,10.2506379547286
"92",3.69221440435293,-1.70475559501139,8.92960099603372
"93",1.29883796490037,-0.686634683176381,5.15310592917068
"94",-0.952715049912283,-1.13975930969332,2.78093019978983
"95",-2.605849462274,-0.929504013661816,2.30599952265984
"96",-2.78471775667714,-2.7671341906142,2.99604220254447
"97",-3.26116301928865,0.200456125535863,-0.0575367543738377
"98",-0.377276100712894,0.393078978051041,-0.259132847160961
"99",-0.820703330451126,-1.14894489749097,1.14287616518126
"100",-0.282843871705276,0.224828626178621,0.700353594772268
"101",0.241432747133854,0.437496043882849,2.73513202048461
"102",0.097538695769313,-0.3263971158527,2.94970804289835
"103",-0.769938155758954,-1.53548530553565,1.20175316427571
"104",-1.34167862669933,0.671641519373945,1.2918481465481
"105",-1.64157358269364,0.714511891137504,3.60270506430467
"106",0.667411907229835,1.52140265221526,3.66348286753755
"107",2.9742084337436,2.3041750844587,3.95441725998734
"108",3.42720670219303,1.55358271130828,3.57082352985414
"109",4.8619877798015,1.13765136464702,1.76484114932422
"110",3.70264611516708,1.29631452597456,3.34291316030331
"111",4.37433671062041,-0.103843346391693,2.959683689915
"112",6.4809185840811,1.35372996836174,2.60722768919994
"113",6.16023395679551,1.03145113774025,3.95854021536806
"114",5.53544253321327,0.280658531807731,3.71741275686521
"115",4.68050475263574,1.19420404295295,0.999050536933418
"116",6.647860834246,1.1352164530855,2.16966042718284
"117",6.8733023333014,0.254173178017359,1.5239520379061
"118",4.69723515231525,0.770107083749264,2.05662824222695
"119",3.16383783030576,0.523163250538685,0.782979183151082
"120",3.33748153290294,-0.0920948699466115,0.242109522187267
"121",2.87261005520731,1.06318268986535,-1.57081638494687
"122",2.64516658707374,2.77228148621765,0.159937750950391
"123",6.95276781264103,0.818644409438656,2.49981246400215
"124",5.30369394362523,1.84592049948606,3.99186288904541
"125",6.18012485043336,3.1542639950327,5.63713868124895
"126",6.02486312587483,2.25925961133511,8.05664133667699
"127",4.32575621103439,2.12961192984426,7.81476668774151
"128",4.74108206454285,0.594896921248175,8.32452208440058
"129",4.54089750612135,1.06581755807385,7.50752283839455
"130",4.93134654977363,1.37950248608369,6.21060475912556
"131",6.0705162970586,2.19783227454744,6.14939177867861
"132",6.34004064888281,1.83353726389263,7.64829837235053
"133",6.01753880703542,2.30016111947614,8.29071598393493
"134",4.59965484084912,1.1558794547738,7.20946393448536
"135",5.76070528080412,-0.12348209745874,6.26672589981817
"136",4.27490541853331,1.09150341004052,5.45530876460241
"137",4.20386255427537,0.161033476385996,5.74166089170217
"138",3.38527375930946,-2.45486641473175,5.67435504077831
"139",1.21898848784674,-2.40668490360523,2.73235100338874
"140",-1.69888732527507,0.103946709797282,0.374867420665477
"141",0.112231788839174,1.43964145706137,-0.329330371288485
"142",0.551369603436611,1.42595863996708,0.507462238213453
"143",2.69769136959154,1.31311709897458,2.05930121800425
"144",1.4414433346549,0.380270247906748,2.97488760108774
"145",1.88933864210952,-0.656675356611924,2.71155684504396
"146",0.61652887407183,0.28250215300732,1.94143792871922
"147",0.742280516168077,1.32791618380148,1.61709857169071
"148",1.74270208157808,1.07933084897426,2.50618423389725
"149",2.74054087724989,1.74607307356676,3.18433689521596
"150",3.81752953543482,1.28847407174051,5.04938897155745
"151",4.67352198267274,0.714396533183745,5.43664706691686
"152",3.54924525440447,0.183890917098512,2.57003187368648
"153",2.22120908273373,0.609280251256382,4.37704070375463
"154",0.227674563975658,0.646061767094145,3.23244198306172
"155",0.488357071088056,1.27311449241538,2.10306851890531
"156",0.4654327259095,0.986360524855182,1.18644391095003
"157",-0.457599919152422,0.40087467210835,1.35964057152583
"158",-1.64042886188117,-0.788236922332353,1.46391287168513
"159",-3.31555156555232,0.740726181771616,-1.51849428747527
"160",-3.05138579665959,0.844514839622897,-1.68615958046402
"161",-1.98239902058529,-0.162637101468053,-0.0145421628630331
"162",-1.2640213502847,0.669854111442616,0.222985277010737
"163",1.61061238263091,0.464398433592136,0.916609726505569
"164",0.130240019284336,0.0334306013360391,2.05894288988642
"165",0.212779019219423,1.73476249792893,3.67995183118158
"166",0.770111866581997,-0.62243918903427,5.46814530913282
"167",1.98321525355895,0.526666151748861,3.66417865692063
"168",2.21894140899858,0.867408522485554,3.8732755251677
"169",2.84664186330175,0.0702680091225286,3.21993671291984
"170",2.64602905113625,-0.65121342579145,3.15336726298165
"171",2.04404048118402,-1.02629334661794,1.79511091626704
"172",0.84381172727927,1.23130947513424,-0.153503544758725
"173",1.09483818246705,2.65171098790551,-0.678156262787302
"174",4.14228546263404,0.559419226174738,2.05006536793046
"175",3.79712478828139,0.0956851486121909,1.1438326754494
"176",3.48162456536965,-1.78892359361852,1.10216819567533
"177",0.867530835607922,-0.233606749647183,0.963428110116981
"178",-0.21962746832863,-0.434746766052746,0.718286277644934
"179",0.561818477920014,0.948348504213418,1.51446156494413
"180",0.869429997461614,1.36297534558777,2.89101546258122
"181",3.43068801747317,0.204128659664738,5.57569277560853
"182",3.6227076432586,1.20071549892829,3.54828551752871
"183",3.38448324397677,0.890759818803268,3.03667761937012
"184",2.84758474669272,-0.415084133554524,3.26467649124787
"185",3.17479002471257,-0.91964032536977,0.440505772688023
"186",2.30194589813264,-0.22923061065244,0.140296763025402
"187",2.28312213838343,-3.16423926790019,1.81577964120665
"188",-0.245013443249127,-2.13996377472017,-2.26602121636853
"189",-1.46365821520222,-2.46591501734296,-3.31377656920857
"190",-3.28041066596421,-1.95948801921987,-3.94364768219456
"191",-4.24764431465413,-2.06668843393656,-5.5494357246782
"192",-5.34129818584637,-2.14589005107792,-5.11778917823787
"193",-5.89179116867038,-2.21387246711512,-5.38769814549939
"194",-7.00376405347679,0.148013456403634,-7.32599483909597
"195",-5.64504047342882,1.13999164125065,-6.37521597100544
"196",-3.80747391117259,1.32327151679401,-5.20275988494784
"197",-0.989074244975553,-0.573672691220742,-3.33775190642054
"198",-2.90530705043995,-1.29240894143029,-0.82025632724191
"199",-3.62172842232905,0.96318134944698,-1.93297418659673
"200",-2.68157720468377,0.241068504060064,-0.0710986211600027
"201",-2.89129275338958,1.06812093681728,-0.608391139045934
"202",0.270535359108969,0.0395044717807294,-1.32244914588573
"203",1.73897632754916,0.735236652379393,-1.98904931934145
"204",0.781833391848581,0.587311899122253,-0.302041930052858
"205",0.84797500912063,0.463572809010743,0.372879684788173
"206",1.58168437270923,-0.805177604383816,3.15281606287459
"207",-0.710463648053307,-2.00491041300747,1.6430183104601
"208",-2.26185423124148,-1.40309959267614,-0.554879023911331
"209",-3.04197684222533,-1.33626249617569,-0.810434638028437
"210",-3.65781784279241,-1.32201669586478,-3.36866125114669
"211",-5.74339431038815,-1.45039935409588,-4.68905709552317
"212",-7.52027532398491,-2.91963093212668,-4.18908296517791
"213",-8.24602201969023,-1.9455677428596,-7.33093455604122
"214",-8.80808643114241,-1.64559694254229,-8.11061330592015
"215",-8.22054831444355,-1.85316667537515,-6.38537919998942
"216",-7.53323442444976,-1.84253578866051,-6.16528183539016
"217",-7.9119060008398,-0.403103844133967,-5.35943192530127
"218",-7.01258219235795,-0.568603630537821,-1.97718462103858
"219",-5.98207544420903,-1.44862948708047,-1.69302141102676
"220",-5.89464135767382,-3.66621920783772,-2.18486274202102
"221",-6.53227233013245,-3.32966732267267,-3.42389886266898
"222",-7.76303145974788,-1.58367209115019,-5.43606606414449
"223",-7.38186164566702,-1.77723494522275,-4.70717694029813
"224",-7.71479339727266,0.639266444373557,-5.62017416014937
"225",-6.29007430830883,-0.269484299666856,-3.87242199564877
"226",-4.37704729046401,1.20421532122744,-2.62078641706038
"227",-4.79987885185259,1.6767515038214,0.402822986575313
"228",-2.17993115749068,-1.86665567304813,2.10034130932823
"229",-3.85052054115228,-1.52828488858139,-0.719189611968984
"230",-4.81706569494083,-1.07559679215698,-3.14185570385091
"231",-4.55066842079716,-1.40338665704799,-2.95094514248211
"232",-5.99485667621843,-0.016033857141238,-3.43036620235715
"233",-8.01082248243146,-0.966731455446362,-2.96227505528885
"234",-6.82958374673047,-0.18379688694328,-1.5691981066152
"235",-6.23844984014896,0.72112746739737,-2.88676609729639
"236",-4.81475718532578,-0.0624457097106248,-1.51611985666287
"237",-5.16289994569793,1.93801212051472,-0.280547684978249
"238",-2.88673054809223,0.237246174156236,0.418760383907466
"239",-2.21227444956556,-2.31353080810984,-0.0579872651394425
"240",-2.49981721935554,-0.685707428371769,-2.11979925806535
"241",-2.27661023199412,-1.4588279409532,-2.98552640918706
"242",-3.41513696259501,-0.416379815422196,-2.90615482247941
"243",-3.51350898487255,0.726311530656578,-5.35333237081923
"244",-2.55691715472493,1.90071824326455,-2.1431052869487
"245",0.335678315066955,1.66271145665976,0.00845363919981543
"246",1.09845980204348,0.179477311962413,0.728380385983979
"247",0.875274800051498,-1.29224674256372,0.483113794417809
"248",1.69311746968242,-2.05179484251173,-1.95716254763003
"249",-0.903392765548057,-0.617017179562793,-4.03991524650364
"250",0.225749267801796,-1.7628327811704,-4.03985493114335
"251",-1.84386459295738,-1.97464275007192,-5.20704723084521
"252",-6.12604890996055,-2.89418029328119,-5.06829584896162
"253",-5.61706626704316,-3.29433217127316,-6.80063810660208
"254",-8.75121760828519,-3.28266136635942,-7.71497055103061
"255",-10.4144531261488,-2.36171465064187,-8.91248378913923
"256",-11.8517377671721,-2.87671200421108,-10.8011543600505
"257",-12.8978098221014,-0.714879122953594,-11.7182592539575
"258",-11.546243584405,-1.53695228500664,-9.19964738123948
"259",-9.78865115927736,0.0669744306370081,-7.58991554263924
"260",-8.24581228156504,0.625065173521607,-5.5949837924015
"261",-4.52465448968987,0.740308762433389,-3.65951216602133
"262",-3.57164698211454,0.71489865703326,-1.38068708224707
"263",-0.793107090567483,1.3545059142578,-0.00109585382111721
"264",1.0163518075723,1.24038686316007,0.679987822741843
"265",1.8808767416971,-0.210320804355709,1.16391514596119
"266",1.98883590524363,0.448753513559514,0.315735970277636
"267",2.10855253500233,-0.154996126787693,-0.511171777305466
"268",1.11570610434644,-2.23585059966751,-1.26103295583328
"269",-1.14281595241022,-2.40229615779417,-2.69355899585909
"270",-3.63666824023031,-0.598133022044896,-4.04552004415655
"271",-4.2114546831437,-1.3452581489582,-4.96750403173527
"272",-5.49556823094542,-0.249681718356693,-5.89388000047908
"273",-6.7628809029204,0.574269618386948,-4.31616804701843
"274",-3.75366435156078,0.0912418252894818,-2.29119894391447
"275",-2.85459096265371,-2.18965712176213,-0.705260455544237
"276",-4.93272377906166,0.647129174026974,-1.05273439233028
"277",-2.13789066858897,2.50618891695698,-0.115277268380692
"278",-0.150057967877183,0.346473619948503,2.49505951580017
"279",-0.554075052549031,1.64617766910115,2.33442744791197
"280",0.620847235815041,2.32558549010163,2.52925525766766
"281",4.99127754698607,1.55513549057025,3.98236579972789
"282",4.54792163595303,1.55838905235761,5.35017556395463
"283",3.37290159527973,1.23200889146461,6.13250335146445
"284",2.66704754394778,2.10124666902844,5.63144603716465
"285",4.85111126646621,2.17207659005616,4.86028211507057
"286",6.72810761434627,1.37855212695624,7.34928347415989
"287",5.68106045221786,2.5301472194387,5.89547920526247
"288",7.14108728857191,3.44891115972766,6.33442978821398
"289",8.5211459461755,1.72786376018904,8.8572529809891
"290",8.99575953309524,0.715075672495914,8.70159104365866
"291",9.63086320879088,0.515907426103418,6.55610137858567
"292",9.06690133942872,0.605943182093111,4.64030640546063
"293",7.75255462130208,-1.03535210007781,3.52365037189796
"294",4.6243980155884,-0.862561926546865,-0.981658157432763
"295",3.70409919855172,0.0401621475653106,-2.60934285635625
"296",2.9389269804532,-0.226225983935118,-3.30410839475026
"297",2.06705021633022,1.48821509723858,-4.10227151507685
"298",3.59001159519726,1.68065925058659,-4.08795252102951
"299",2.80770135962316,2.2623725349932,-2.67531537178845
"300",2.81761974716925,3.42434643243826,-0.719728572345524
"301",5.25699269014884,2.53695549796997,3.22138320111897
"302",6.49705588551414,2.13726346121235,5.43759256029692
"303",7.76872995178815,2.04012002065776,7.14984725137257
"304",8.44586850508682,2.12913863352696,6.89390401634589
"305",9.37747100328346,1.2929725954738,6.39233127986515
"306",8.58218831633758,1.05934035734463,5.25320437966568
"307",7.06423120026097,0.292759047679747,3.99848893854041
"308",5.7822617853306,-1.20023546268911,2.05237986920247
"309",2.16622852911468,-0.93816951008478,0.781679247026267
"310",0.867326585501466,-1.15207441565577,2.21943119729177
"311",-1.20501510571816,-0.0244277618406922,0.762143132506642
"312",-1.30006566689081,-1.42243694864027,0.435578374173913
"313",-1.5362108021975,-2.54406851124172,-1.67825036965199
"314",-3.14457601646251,-1.10981868045224,-4.05818202722495
"315",-3.53293086774096,-0.762439724910606,-4.34544183605486
"316",-2.56491969827695,0.948728681564831,-3.86811699175839
"317",-0.886798071944984,0.50077559299129,-1.45022654922301
"318",0.249710646281365,0.582404895988243,0.688575389488482
"319",1.03889534322118,0.0708730289662465,0.539254828266558
"320",0.72482067857393,-0.132312001443565,0.669464983574179
"321",1.30017569334223,0.288566087020579,1.1683073264444
"322",0.999863202912127,0.16926179653633,2.01493409845373
"323",-0.272929162783091,1.19311148032798,4.12170073981723
"324",0.335898429639965,1.94610505640405,5.21532757854981
"325",1.92529572342844,0.903981870029798,4.36714147967511
"326",2.71644232647749,0.73399319791383,3.19340195659065
"327",1.14442844852644,-0.274242562247799,4.00771308745599
"328",-0.313008508811046,-0.355142126389326,3.56111343080788
"329",-2.93234957674217,-0.00232589782609888,2.60609367679802
"330",-4.19836359031675,-0.796337893081523,1.58772796329029
"331",-4.68164205808261,-1.18982627368942,0.530568047397323
"332",-3.87229616926214,-1.07982348404998,-1.11567708470615
"333",-3.29350723545776,0.141289535876958,-1.89860427798788
"334",-1.65748823518769,0.0911270350884318,-1.67058267025522
"335",-2.16640199012236,-1.06172855377205,-0.499007409147935
"336",-2.01179429699476,-2.20107677175763,-3.27847423925614
"337",-2.77981820133922,-3.17393138099503,-2.77329925785053
"338",-2.92255711897643,-1.17084719511522,-6.01335764566601
"339",-4.65907053946337,-0.956257435349871,-5.58477821786244
"340",-4.62697073132055,-0.849804586229702,-5.80579037975337
"341",-2.71381381775813,-1.25654540381468,-5.02261962969892
"342",-3.56610970505292,-1.81118259184377,-5.67420591958461
"343",-6.1280365348734,-1.54877746739252,-5.85890734335057
"344",-5.72598229890761,0.0724905835461898,-7.58185609959914
"345",-5.07831226259522,-1.5818049898494,-5.71856180642011
"346",-3.03633926943295,-0.393353892350467,-6.21040807939264
"347",-1.4452252511649,-0.469876849506443,-4.96497402086218
"348",-1.60304991005682,-0.192434152701816,-3.56879140647752
"349",-2.69308369727393,1.83933912567726,-3.359757085263
"350",-0.28195715193209,3.60608982460338,-1.28860043794052
"351",2.05692844286665,4.93774659266917,0.862186436862695
"352",5.73105264490644,3.49259404220305,4.59152525662663
"353",7.18662338978557,1.77322166722841,5.02646867135502
"354",7.92954475509884,2.11605998946151,4.38938692747989
"355",6.55275643063159,1.66587136155334,6.14687243521502
"356",5.94591269854302,0.701896030254003,5.22638215746637
"357",6.1073090952453,1.76203301122338,5.99519540907773
"358",5.60144586498167,0.873477774530815,6.29475930652408
"359",6.20943242952878,1.21994086491209,5.21609040169935
"360",6.58831631203563,1.30078185874363,5.67219271482176
"361",4.81587626628488,0.980968055027148,5.75390945933264
"362",3.68628702308509,1.24888766728905,6.29879400915183
"363",3.14194236757873,1.21278151165875,4.91779257073772
"364",3.81456688262208,0.892428102755329,5.82749394138705
"365",3.01614312678787,1.5680976449818,4.96406583960897
"366",3.63655117551355,1.60738756047689,6.55854555623143
"367",3.79785020341861,1.999154645762,5.0278459380544
"368",3.6506400570609,1.57754536049079,6.02991338562671
"369",4.60860684633737,0.16087045809939,5.75361730841063
"370",4.0457894312024,-1.04245703843212,5.32295975131254
"371",2.54994193678421,-0.486014422763151,3.91021574582745
"372",0.803410874994552,0.238161763693938,3.21869947819789
"373",2.28850249305192,-2.55012325976966,3.53138184081441
"374",-2.56825019638873,-3.3120607429811,0.356632477848261
"375",-5.1426368949864,-3.11214422181793,-3.4949542820836
"376",-7.92548861901637,-2.34075008428701,-6.88964073706437
"377",-7.77873349701945,-2.10246403528381,-6.83521318427735
"378",-7.89818845806817,-3.43284060447437,-7.59564770779394
"379",-8.5434194505161,-2.33058071799118,-7.81466119985792
"380",-8.00849950636886,-2.81276969470776,-8.58125967953469
"381",-7.40215836866341,-1.91645811340999,-8.91253564076174
"382",-6.03465280410786,-1.04362247468337,-9.29874585570004
"383",-4.16355338492498,1.54975830478066,-8.25901524691243
"384",-0.940544803033751,0.36027862192737,-6.84199862900787
"385",-0.665111986087732,-1.21249593108054,-3.21204768500009
"386",-0.909258519503026,-1.8677926761804,-1.47154876261123
"387",-2.63314274778395,-1.44414095851027,-2.82067007587854
"388",-3.2287119249685,-0.674836376269304,-4.51051952817888
"389",-2.78969246305417,-1.81290192544674,-4.65016973911052
"390",-3.74769181266894,-3.10717532535753,-5.1786011739622
"391",-4.56330072925873,-2.1025139175546,-7.35920983527717
"392",-4.62932041521744,-2.10063353568905,-6.10194939406819
"393",-5.30354688926371,-1.83233224503213,-5.54664574294433
"394",-5.38066357560855,-2.04283896882557,-4.59387249157779
"395",-7.07559112411511,-2.51493508897512,-5.79495218295995
"396",-7.44498816498704,-2.07840942015911,-6.29629622657383
"397",-6.93246531994409,-1.96135166921787,-4.6108255620157
"398",-9.32970452900278,-2.80977611574248,-4.494131067663
"399",-9.56056303510311,-2.00555308840658,-5.37054617434364
"400",-9.75090222663579,-2.22045615584205,-5.88015136197252
"401",-9.98991843435779,-1.36423643337227,-7.81874682421632
"402",-10.5631581581557,-0.0630425743363834,-9.56743769086113
"403",-10.1395182161442,0.306805372214416,-7.67810049335154
"404",-8.01385699888285,1.05355607523154,-6.47117008778782
"405",-4.98583117116072,-0.129205410260466,-2.49712785563914
"406",-2.8911667009486,0.964816483561315,-1.46600640114703
"407",-0.254193052535584,1.39360366816985,0.264223425271072
"408",-1.71158121555354,0.513787915868983,2.34068370658346
"409",-1.09707448517132,0.444841608659472,2.79940616220563
"410",-0.596868939552999,-0.345580248357398,1.49482338764164
"411",-2.98072342376772,-0.461114230682313,1.42104241950504
"412",-3.34066511075627,0.187253521347624,1.55168635203665
"413",-2.12234896419012,-2.13212864702612,1.18395889100193
"414",-3.14003721170037,-1.59578987159342,-0.120898490865365
"415",-3.9731203612809,-0.669636001482769,-2.13602624218482
"416",-3.04581192541592,-0.56426215664044,-2.45735614367598
"417",-0.322968379764601,-1.11461806610528,-0.135466207019887
"418",-0.647661152308785,-0.695498297794195,-0.496397352598303
"419",-2.49385810254833,1.29966547009588,1.24761815897404
"420",-1.0782853154388,0.09145551539773,0.903647824278357
"421",-1.46028374027139,-0.604906512637201,1.1255505255261
"422",-2.07039537773503,-4.15522514195657,-0.613213655863652
"423",-5.40424648414837,-2.40032706771136,-4.50386767430119
"424",-7.36719802864653,-0.631428201452977,-4.55719542625136
"425",-7.81844921012192,-0.353671505286071,-6.11980122502476
"426",-5.67244486236504,-2.30347440947111,-5.96448496291576
"427",-5.63131470061009,-2.96422388022208,-6.17153835702886
"428",-6.15253908792374,-3.06468284314046,-7.01457697025328
"429",-6.72013678165554,-3.01725122067396,-7.84345966003531
"430",-8.95659723355847,-2.09500061380691,-9.61289023294952
"431",-8.74247914701731,-2.03700898069083,-10.2541023675822
"432",-6.8244789300987,-1.42441562525989,-8.32249802168133
"433",-6.77263027671852,-1.99498964361941,-8.24991809448797
"434",-6.93768381688028,0.610502398259523,-8.48055938924746
"435",-3.87422340195397,0.0806542624413684,-5.29847897146342
"436",-4.00412305098188,0.823148511399588,-4.09150904697637
"437",-3.51372814943637,1.66503590116841,-2.83209145041267
"438",-2.34490718914771,-0.139113726627782,1.21858578412723
"439",-0.394869382457379,-0.132306243370431,2.59807247725711
"440",-0.0883035898135434,-1.14632446550113,2.45618207039416
"441",-1.32008583597682,0.0020441724642023,0.690579425194936
"442",0.124613461550291,0.901564320244333,0.303037901616053
"443",1.48064308890757,-1.12705909324738,0.331326415452329
"444",0.807193661446034,-1.73827174513495,-3.04940585394654
"445",-1.06257599446581,-1.68022928935727,-4.43408777367858
"446",-3.89550446910054,-0.911411447884345,-3.81783111553064
"447",-3.4070179329628,-0.0884852374337506,-2.59916044286144
"448",-2.60327105706099,0.793949665959627,-2.17616913542406
"449",-2.87586927004247,0.482886778452038,-1.24120354930501
"450",0.297521523404195,-0.275078041031722,0.0227027671155937
"451",-0.254295511968023,-0.93727066897929,-0.397226394706398
"452",0.360011257218008,-0.737134110014379,-2.19180924472824
"453",0.554929748378066,-0.27552516770419,-2.00648278080784
"454",0.485549597924004,0.0990437248975738,-2.12769928360307
"455",0.985015486773862,-1.08485157696364,-0.348244600424662
"456",-0.532817098339951,-0.750127532736855,0.213454324801112
"457",-2.08467447815433,-0.562290289109535,0.152966363087696
"458",-1.52176309160194,-0.802469934390172,-1.35159233459019
"459",-1.24483197753289,-1.57025747822728,-1.72976426790059
"460",-2.02719075618577,-1.05675055007235,-2.46180953792537
"461",-2.18200908592511,-0.606433920212133,-2.18992529611069
"462",-3.63916717678767,0.0888153325965542,-0.901311598981692
"463",-3.30176758348155,-0.121311578459004,-2.73306162611349
"464",-4.647362993624,1.31320868248495,-1.75596613394108
"465",-2.0231158206914,1.95185132563583,-0.596452657586678
"466",1.34565679657109,2.65741207085535,0.51912201072791
"467",3.51293014117245,2.6198475473095,1.12942985953891
"468",5.014957183531,2.50310586358887,2.15973844384619
"469",6.46058071684336,1.63706798987355,4.26945529666874
"470",5.66954209497287,0.825243075033662,3.71407813313
"471",5.31495232266519,-1.03503866244574,3.80326526665035
"472",2.74563779977256,-1.53688685050068,1.19773486276988
"473",1.29832986646084,-0.22640917902097,-0.577395346413011
"474",-0.143817969801778,1.11140913959449,-1.98363634337461
"475",0.73663173544426,0.676731604881841,-0.00337357044585329
"476",1.08327285893055,1.44723325886358,1.90888811664068
"477",2.63293661789784,0.378680183982987,3.58805264988258
"478",2.27912765726582,0.242251403962698,3.20764335356677
"479",3.00510712951043,2.39366688898201,3.35007151801657
"480",3.86617891852246,2.04349098908551,4.86918765374527
"481",6.01281509816199,1.21904237050409,5.90768569149101
"482",5.23063597603917,0.834765363693339,6.19063651985746
"483",2.98611619050249,1.63247955084633,5.40564356132924
"484",3.32127923759143,-0.053358733306393,5.73544028308191
"485",3.52569407957255,1.15509172674642,2.85339902771463
"486",3.50991930511753,0.611092348134543,3.68257268942892
"487",4.55263461762549,-0.215139120486713,4.04623624649548
"488",2.37729942954024,-0.979119948386858,4.57056550212547
"489",0.80361612703993,-2.68706649051853,2.79761775409254
"490",-1.2507779284557,-3.48451498873398,2.36218464825631
"491",-3.64235791176342,-3.22139163940914,-1.98759342658103
"492",-6.37569198466444,-1.71727309678972,-4.55460475390338
"493",-4.78420442208139,-2.63941225341803,-5.16502631966141
"494",-7.59745577614248,-2.44593184976202,-4.93038900467166
"495",-8.28245880958888,-1.08559887027814,-4.96305025010415
"496",-7.00723921178038,-1.25586055481575,-4.44138655225628
"497",-5.59226940628773,-1.2849062154184,-4.32954616686456
"498",-7.08628187421036,-0.904157346383659,-4.46036329428112
"499",-4.71624305750939,-0.809383613244087,-3.24460082619042
"500",-4.03423736314121,0.745577623190632,-2.95847788710639
"501",-3.54290502780746,0.0752514760623941,-2.38310472373612
"502",-1.21616911553064,-0.669095827809184,-3.35023347660292
"503",-2.07499895085967,-2.63973028454524,-2.68473151561715
"504",-2.1540992532859,-0.927252370364339,-2.38323607331177
"505",-2.92085717499881,-0.0725692153203175,-3.9313981881686
"506",-2.79144121017416,-0.176608423534465,-4.16038901936491
"507",-1.95580196903003,-0.248466411918981,-3.76851650906603
"508",-1.45364414988394,0.0559082858782258,-3.03711795479852
"509",-2.19287088743534,0.149081064736781,-3.59716750371789
"510",-1.20354320596291,-2.09380407829992,-0.0214988988646381
"511",-2.37296828380727,-3.19408467169976,-1.69728428105385
"512",-6.89494151287397,-2.25638683730606,-6.17853430284813
"513",-7.74173872436197,-1.92713525845217,-7.12714107974908
"514",-8.57458404709874,-0.859802974765341,-6.42202308972849
"515",-9.16787391283924,-0.778635541839161,-6.97986042003515
"516",-8.69042413448827,0.243330389106867,-7.84224341645031
"517",-6.13010664618285,-0.440469061499445,-5.9974203067267
"518",-3.86864098839576,-0.225497247964834,-5.92984907418221
"519",-2.37079057439237,-0.830011385441689,-3.52695087979517
"520",-1.39787099155024,-0.229454807386962,-3.19418713424398
"521",-1.57866002350768,-1.99421762142922,-1.44471774178929
"522",-2.78085168540361,-2.36595466376927,-3.24268653590082
"523",-5.1041860114374,-1.86386182620897,-5.29046056892002
"524",-8.33701516372275,-1.66011129973333,-7.53386015641624
"525",-8.22328453659237,-2.22973688888451,-6.74555555119003
"526",-8.35650536609989,-0.357212835495255,-7.29600845011051
"527",-8.72789174883335,-0.286970712376821,-5.08262464016625
"528",-7.37026443993278,0.308541020137232,-4.34469718467221
"529",-5.33416351727941,0.722237317494623,-3.53227985220395
"530",-4.55104782866353,-0.996159528652982,-2.91397414761041
"531",-3.8759447638114,1.08494325233101,-2.99476084746782
"532",-3.75783028813702,1.48603710223723,-2.68515882002051
"533",-1.97156091352248,1.59127703188679,-0.436936650486466
"534",-0.104630583357789,0.948200953231298,0.143327839817425
"535",1.65658340572159,0.133036171352956,-0.55232951096406
"536",1.55514333671773,-0.469924163224854,-0.236389604328834
"537",1.99372026393026,-0.293476155365186,-0.421344638932275
"538",0.713047347532044,0.59406020006212,-0.606431380045341
"539",2.63501768722434,0.179286523378264,1.31461228130792
"540",1.04851156698609,-0.704526821678873,1.52184665398916
"541",-1.18434909543717,0.659571947413106,0.483010779844875
"542",-0.746835800900365,0.98686463936922,0.488629803002232
"543",0.752635326606154,1.22941408577716,1.77477414942374
"544",2.26858322742687,0.00832043292209728,3.9195074014771
"545",1.90099721081971,-0.303491995276099,3.28958055854576
"546",-0.282957231262142,-0.488514285320002,1.86571496876931
"547",1.86853242071668,1.33452108652981,1.49551153124953
"548",2.16557246885901,1.82694670979612,2.13076011186131
"549",3.53926302794166,0.219122080753954,5.6441177459981
"550",4.47697881112147,0.371382736160728,4.6506318814689
"551",3.00571194490979,0.276703333935052,3.87438219228083
"552",2.67122058516661,0.699798960217747,3.84581148869368
"553",4.68316780248663,0.92480469786103,3.91411521593387
"554",4.07024043331518,0.926901867693661,2.89419200434911
"555",3.40671711163174,1.66825987260447,2.55575066365406
"556",4.11777860499302,0.969701083717434,3.49906500699354
"557",3.41414450249157,1.71913283068057,3.81608391755671
"558",4.28156840251776,0.346715311498744,4.95168196518519
"559",3.39262434444002,2.54894776751041,6.25191181254533
"560",5.00794266664384,0.975885050909585,7.81951340081511
"561",5.35422195361336,0.171137443572567,8.5468921142479
"562",3.97807911161369,-0.819441064941341,7.91899817654708
"563",2.77815459107188,-1.97714011894924,5.04522309285399
"564",-0.0351452121117891,-2.51856616571665,3.28009614364881
"565",-2.09678629047919,0.177837249371494,1.22405415799274
"566",-0.208740610424912,1.19449416922992,1.0055554262938
"567",1.02055696586521,2.41372326576175,1.9346170400604
"568",2.19454595720455,2.51665692258433,3.43387974990237
"569",4.33638365785901,2.70872726960669,6.00077951893811
"570",5.56656939355311,1.93209306348531,8.53622116776841
"571",6.38606843535658,0.93286739506978,8.22704030297683
"572",5.50360905195622,0.206865096405991,5.70357668036804
"573",5.56496692227249,-1.49395305313423,5.43673953788841
"574",1.53547297482306,-3.14175958359969,2.23013533281157
"575",-0.869182181695145,-1.35482366911522,0.227599379890858
"576",-3.28043690560768,-0.467644010048383,-0.814983580884745
"577",-2.7052077178847,-1.56017314820064,-2.12900246669845
"578",-2.0833212452237,-1.08562493900648,-2.15355607194183
"579",-2.51204497202466,-1.11388968612186,-5.00636304672595
"580",-1.63687627650592,1.0391682736003,-3.26066634799591
"581",-0.175156686361576,2.34992167632411,-0.815523948206434
"582",2.14703247818395,2.89777395610171,1.18469128368931
"583",2.12895613267204,3.24543147056044,4.19348928050701
"584",5.39860950785421,0.957664709818691,5.20617731646614
"585",4.93308680427916,2.62721676113096,4.32891336400623
"586",5.20654011671183,4.46751646613461,5.58055875493221
"587",7.78266566836775,2.7961825059785,8.97353130246191
"588",9.89585224103786,1.0622030176234,9.5646641108375
"589",9.57128750393038,1.9918015086545,7.99187625968596
"590",6.67424405234421,1.40248676611126,8.32564569638358
"591",7.26775220819391,-0.360487606196996,7.23943578944294
"592",5.15110878232381,-0.800483796831688,6.60121390973048
"593",2.16383183272535,-1.29070267575636,3.45446916105514
"594",-0.78106059049657,0.0493486503261549,1.1398400715651
"595",-0.24470686495753,-0.985276217850307,2.20540283552192
"596",-3.06712090374986,-0.552472554528471,0.463577178318601
"597",-2.21910301471502,-1.53947829693611,1.03122268369075
"598",-3.85575975285478,-2.35009267302427,0.396155777824835
"599",-3.88282105597199,-1.48973490560719,-2.0224554070991
"600",-4.50563840020525,-1.36257105389461,-4.28339006666853
"601",-4.58694606810058,-0.95257233011915,-5.19055606030282
"602",-5.57392510460221,0.413402795914881,-5.38864835988306
"603",-2.48410933429502,0.0022685965972909,-3.82727432965773
"604",-1.23044516918084,0.931091607371238,-1.86925598420651
"605",-0.000282477392118563,1.40538250128777,0.689418979239368
"606",1.47884422495525,2.64296104748971,1.97664997911851
"607",2.36733563517748,2.67288323689891,2.19757560600467
"608",4.54340650545089,0.929175282128615,3.57003663030119
"609",5.05571318800219,-0.00422249424273791,2.14499218119954
"610",3.94036141726011,-0.599178379961292,2.85408169549413
"611",1.57505172024122,-1.88187205307401,1.04451827980154
"612",1.18852369179108,-0.641852399293024,-1.40931348473728
"613",-1.10519330407007,-0.128327830670992,-3.09541070160548
"614",-1.13567967412917,-0.781305074718233,-2.97665553444789
"615",-1.1349997489816,-0.0214731224555775,-2.71846822834071
"616",-2.54750889057097,0.626202213006898,-2.56959731332085
"617",-0.426765011396221,0.887564484521525,-1.99494800912686
"618",2.41899244666933,1.16152560090179,-1.92828330003977
"619",2.80800119083998,-0.0750344912534203,-1.97903766711959
"620",2.41527276842741,0.186122154634162,-0.839592386974084
"621",3.58913582201047,0.5767698763627,-0.515778505210053
"622",3.41958774162881,1.32682260976537,-0.920636590669893
"623",2.90069204435252,0.0436369151416491,1.2456391277727
"624",3.04130758904992,-1.59140690992245,1.75312160201981
"625",0.000117253618937108,-1.10708884998895,1.18292606692055
"626",-1.6701711866185,-0.321978870375584,-0.257111008873558
"627",-0.379138310515861,0.393061724032786,0.121498757419674
"628",-1.74098242331285,-0.134220687306822,-1.43810776726382
"629",-1.7125926782767,-0.342005276858677,-1.62306816846965
"630",-1.98663845787184,-0.593545784225958,-2.84989787063829
"631",-2.78455283490289,-1.05157105355863,-2.45001367565844
"632",-1.63189843622766,-1.45053153613909,-4.85043037639302
"633",-2.81109181724368,-2.15132223085766,-4.53397201459399
"634",-4.04792032467972,-1.215203561342,-3.98699797251339
"635",-4.4521187449193,-3.09204721929834,-4.82332466654272
"636",-5.717320677159,-2.57201619308551,-6.36940808716376
"637",-7.57863535719614,-2.6027293493992,-6.57139721352914
"638",-5.7721386758446,-1.09736056162467,-5.21586033224732
"639",-6.07276313683324,-1.80311500661843,-5.16581141711255
"640",-5.39718453548311,-0.16698157969043,-7.55096065054114
"641",-5.05709915451957,-1.71147959322687,-5.04854124866733
"642",-3.65843212837486,-0.187713376663931,-5.32737175021609
"643",-4.65369807767605,-0.611871774147016,-5.81555241342821
"644",-2.74715633044972,-1.73414854622516,-4.48934745129393
"645",-3.91603797111176,-2.80723359570067,-5.2111724101855
"646",-3.31922729726803,-0.545503185358936,-8.15538194589744
"647",-4.36014202579625,-1.42315964095992,-5.88950968378707
"648",-5.06830753255803,-1.2725506445002,-5.11106106844362
"649",-5.84557509814409,-0.640199147811142,-4.75277669173388
"650",-5.28965866289576,0.902514604370928,-4.82303766653181
"651",-3.53597620290647,-0.200368802564011,-3.54424465446783
"652",-4.50188852127011,0.0941152170440782,-1.42829362316605
"653",-4.86749759403093,-0.859879272934713,-1.11306581498129
"654",-6.40137644009179,-1.31817458720179,-1.95438711745627
"655",-7.27649242507892,-1.27631493315405,-1.78505765270437
"656",-6.61067925175869,-1.31392431652513,-2.76960538974041
"657",-8.06834782782834,-1.5613184752407,-3.12055244405677
"658",-7.33775210078575,-1.89440402571762,-2.71349077602107
"659",-6.18829950346037,-1.44389658819242,-4.95590580221223
"660",-7.1421126180358,-0.832093679742421,-4.67779324362496
"661",-6.02974708295944,0.587034539624691,-4.43188778208909
"662",-5.42349124415317,1.67988777701567,-3.95227032779417
"663",-2.87508138578645,1.88211062687325,-1.94948616324239
"664",-0.387142401109848,1.47202591986648,-1.18125658523382
"665",0.21170168232269,0.500245398401441,0.953160180847901
"666",1.72287502733893,-1.39744588451442,-0.23878046705575
"667",0.422890389096025,-0.137219480015132,-2.00112096513789
"668",0.225042499317893,0.0618046794927429,-3.22704566433311
"669",0.858618934627978,-1.62875029274942,-1.35241163921655
"670",0.501549451392457,-2.5407361756565,-3.61509408640388
"671",-1.03355846154221,-1.73372453198347,-5.03480358159854
"672",-3.02150141383935,-1.27244045297295,-5.59434255121517
"673",-3.38030858856169,0.281187472877058,-5.92798761085978
"674",-3.28821990830142,-0.297401488070369,-4.8051558473016
"675",-3.51171036766093,0.104897530973355,-2.63394023231144
"676",-1.37174360459916,0.558696916601212,-2.27215906273645
"677",-2.09412129491723,-0.536718390842039,-2.56407091978193
"678",-2.16515966146498,1.52064783246498,-3.88051357455547
"679",-1.69669134646131,0.973892453762212,-2.26007397550593
"680",-1.13880244510373,-0.224882124964261,-0.145032345992978
"681",-0.89740770270654,-1.70381087626685,-0.59105459419943
"682",-1.96947462492401,-0.55248317711144,-3.29239897065536
"683",-0.309751456328722,-2.04956601342295,-3.10757056437661
"684",-2.74649385230176,-2.45414252970644,-4.84959995851155
"685",-4.75134320288061,-2.58748578412185,-6.64105854488019
"686",-7.13624821841272,-2.21042882282473,-9.41865340989603
"687",-6.62094556455461,-2.26570534819926,-10.3909838980126
"688",-7.83940553364171,-3.43727944023532,-11.8907130267723
"689",-8.50589396524331,-3.02762245685904,-13.0455591600826
"690",-7.16608265992308,-2.08264206630228,-11.7921584081356
"691",-6.14417589249239,-1.95236741964612,-11.430855951642
"692",-5.8548513165013,0.356065004528845,-9.73235146376984
"693",-3.06523878971344,0.557648188546655,-5.53610679241309
"694",-3.33984863227387,0.490110008923943,-4.39714749809143
"695",-1.49499826787112,0.365207705033417,-2.73140083313904
"696",0.513514808787681,0.325342211788884,-2.92334402643931
"697",1.60752833529876,-0.681611390476656,-3.30113440535617
"698",0.171566375822143,-1.50382932765085,-2.3545144285061
"699",-1.4994627991465,-1.53045815864164,-2.4358229960316
"700",-4.09961758406702,-0.816928731028951,-2.94827281351649
"701",-3.92177501860643,0.483042307790887,-1.46116319336284
"702",-1.86790283489284,1.76514662659874,0.559826948640669
"703",-0.838747125002669,1.11305036165459,2.86289246498781
"704",0.787535179841388,0.579279111388258,3.9028305098519
"705",0.499005720154819,-0.40947159743204,3.21955494342912
"706",0.580260615025963,-0.454263947277179,2.92860540656998
"707",0.378577619837488,-0.65139412427459,1.35923245349767
"708",0.00956027970859244,-0.964394831893526,-1.10824803055342
"709",-0.0949403119385812,-0.850651991479955,-2.2020390190085
"710",-0.746797401351809,-1.14466101244865,-1.31585323604803
"711",-1.98420450134494,-0.478307109316975,-1.54565462635049
"712",-1.98120608235834,0.93526759755811,-2.60192731548115
"713",0.376506814669184,0.619574410578612,-0.918005529405789
"714",-1.13497812052791,-1.36250625556231,1.42261353413791
"715",-1.71964991148516,-0.588060678141908,0.683493986912968
"716",-1.53320100749725,-1.89152464451579,-0.189364876366531
"717",-2.41626814873562,-0.1296945755446,-3.07033000505327
"718",-4.48764472526911,-1.30953508446882,-3.89537163971
"719",-3.58977231856311,-1.64717625426272,-5.77473838579967
"720",-3.99530851071462,-0.841812122290554,-5.96524198903468
"721",-2.87639638382879,0.166641456360104,-6.15058513558736
"722",-1.9645061625593,-0.758210013514626,-3.1767145578034
"723",-2.86496542693511,0.309116918193621,-3.29409863510844
"724",-2.81103914136059,0.208978329702458,-1.83694701338756
"725",-2.29706677042617,0.374629905781113,-1.54400643469022
"726",-0.997703143526868,2.58441266855766,-0.16499242944515
"727",1.0508477013525,1.51551624899338,3.22390478067478
"728",2.65146415541204,1.52927228020838,3.23399239933167
"729",5.20710973705054,1.56370183869928,3.27643442520825
"730",4.34088598587891,2.26651888651382,4.42469465572039
"731",7.1004698360458,2.94187668272447,3.94071580909203
"732",8.81015673848478,1.4493078208881,5.65776843356372
"733",7.73236988171347,1.07262930363327,5.96837599568349
"734",7.91897880722563,1.34324085008301,5.29184221733912
"735",6.81997183246446,1.53238692417794,6.9543826393176
"736",7.99359086997362,1.40175682205876,6.08911396031938
"737",8.39034625319299,0.33042550680467,6.54521339087111
"738",7.3071466080288,-0.553038492339747,4.41089056908701
"739",4.9631506778654,-0.625655959236512,4.52386490482321
"740",3.58537400028808,-0.723787560517972,2.26562120982829
"741",3.38207946758049,-0.397798651415622,0.585397432652873
"742",2.69016587879224,-1.24663708431906,-0.290792346781425
"743",0.782341246863583,-1.81500776671989,-1.80698595562003
"744",0.187958651453955,-1.38590074544338,-4.82766659643522
"745",-1.67846549313648,-0.758761192258806,-4.53119855600284
"746",-3.44744771667105,-0.561014199579068,-4.89597052338516
"747",-3.55864729257505,-1.30986374115344,-3.71768270662055
"748",-4.60403457948565,-1.44756219774942,-3.87541578855834
"749",-2.71117817848141,-1.24576421193719,-5.72527707943995
"750",-2.51389243140898,-0.117054733523208,-4.61762733271501
"751",-2.8617113447447,-0.710090695907658,-4.61647633755425
"752",-4.26002534538577,-0.141962100733715,-4.03637477739493
"753",-4.19616003324615,1.20065502932118,-3.67205827948197
"754",-3.3901481322188,-0.310481431449677,-3.0987467241146
"755",-2.65108250361011,-1.44397847295041,-1.27683512386656
"756",-2.88927157134294,-0.137682172455866,-0.992750245298063
"757",-3.59012723181073,-0.607913250230971,-1.2719851236129
"758",-3.60743201141952,0.150024724814298,-0.506852974993525
"759",-2.21013241598773,0.248329338840908,-0.328044468203446
"760",-2.7633343397929,0.100752374647249,2.5096768639101
"761",0.291285716425071,0.568990496643435,3.89961331504964
"762",1.12171306321632,0.933779422706255,2.36811655961481
"763",2.16844582825806,1.12035512083302,2.87781859832393
"764",1.13312425303495,1.23917868762853,2.06807017977042
"765",1.37031729852038,0.470785936611785,3.57197021043126
"766",3.20384192949458,1.12480744815365,2.86526579563956
"767",3.22706226949671,1.8024857062013,2.96852370702389
"768",3.63349645678581,0.309094895319029,2.37316237710251
"769",3.83580988902528,0.296515844773927,2.22547258343864
"770",3.18706239996221,0.971112513248625,2.86425875390666
"771",2.10969016442165,0.669667792700971,2.38769900996955
"772",2.71637393184667,1.78213236523128,3.72773684901815
"773",2.23472146384668,1.39293900509068,3.29842597208206
"774",3.92351605578716,1.51984616919217,3.21102367848298
"775",5.74259570666667,-0.0536745482867205,4.70274920120363
"776",3.8567813655939,1.68342885104803,4.63750409503865
"777",3.37837315207865,1.33601720546607,5.74611720540242
"778",4.11285626062839,2.00080969191137,4.83226496537677
"779",5.23439536384675,1.61674036543452,5.00818767195294
"780",7.66175549905534,0.466476035001973,5.3891995898847
"781",6.34465412006654,0.858226466014595,2.90955242778573
"782",6.50390625593195,0.242863986924665,3.12806353738805
"783",6.22425866527466,-0.0669121314452313,1.95168941324993
"784",6.18911252479738,-0.926760485055433,2.29976115345655
"785",3.8112147855189,0.511526574358073,0.581700292502054
"786",3.64518832077983,-0.411916482657939,-0.619113942693517
"787",3.44640069983793,0.653861693624802,-0.317199214289526
"788",4.89104978025362,0.00387394812097797,0.378671359190378
"789",1.95423002181913,-1.05643424310385,-1.65210693537948
"790",0.735627089352866,0.716531395801514,-2.38067667340703
"791",1.12648905721163,0.526978644931181,-2.06739003225743
"792",1.61019366526011,1.83729825876295,-0.799964034945789
"793",4.29832534379727,-0.241931633863833,1.0236408225391
"794",3.30807863755201,1.47876342815011,1.5137018173436
"795",4.12596752570761,0.44212114973681,3.44043651598584
"796",3.8768690508069,-0.245064488953238,1.95440065393925
"797",3.04980381233169,-0.743445073037169,-1.13495736627876
"798",1.55163313752295,-0.554669769986268,-1.36866509306285
"799",-0.623730981717696,-1.84805863043645,-2.24092359752579
"800",-1.50153336181845,-1.70439269275651,-3.32845459567354
"801",-2.6526874730776,-1.29199619799807,-3.86187513192439
"802",-2.80646790464848,-0.0804524453038944,-6.35101129624386
"803",-3.08580063627339,-0.13469362319013,-3.88448119556355
"804",-2.68044749998854,-0.975974006261716,-3.17908768768493
"805",-2.11422483162723,0.700049891212288,-3.17543548725295
"806",0.332196592625758,0.0561462392851081,-1.95244611120876
"807",-0.152318678350543,-0.304150813752315,-0.129881487414705
"808",-2.10902144686695,0.134658741075817,0.356351402631914
"809",-2.32022106524009,-0.0329297787590477,0.719559177201999
"810",-2.68157026646622,-0.882610099077445,1.71225325912943
"811",-3.53445623384342,-1.16799003584449,-0.131456495280522
"812",-4.38699414577409,-0.361805212126832,-1.13233184894323
"813",-2.6377099043279,-0.861023923149928,-4.10813526351269
"814",-4.01955700040296,0.60897990547148,-2.96928651549376
"815",-1.27723896881202,0.209945089632012,-0.400942380626972
"816",-1.87035758178222,1.17949459847614,-0.782623860764288
"817",-0.833303311835335,1.29739826496972,-1.04375661267243
"818",1.18259526367581,1.22665493529437,0.261597732513851
"819",2.75909033387375,0.68476966951313,3.11872042549587
"820",3.85502205331376,-1.93410347333871,2.89934326173333
"821",0.883362470061143,-1.29301511010746,0.311642162931612
"822",0.750985727031946,-0.976102743317178,0.762825169008687
"823",0.0308687152444599,-0.384597070394,0.157192907704796
"824",0.694182420859688,0.0770905744881186,-0.437256965041151
"825",1.08404199337967,-0.369077964806842,1.63143960049447
"826",-0.177726415271867,-0.440560176668872,-0.9210485710249
"827",-1.0710676728877,-0.172753127594722,-2.14787454676731
"828",-1.84797574145761,-0.0468900553841957,-1.67492514730475
"829",-0.721330771825687,-0.437535280257223,-1.11828857644092
"830",-1.50490027948235,-1.13556401035674,0.728480441291879
"831",-2.75278080070169,-1.4970309560076,0.973056845162188
"832",-3.74498642734171,-1.37679384851138,-1.05136822452024
"833",-4.25685273944734,-1.25954832310088,-2.38596573700758
"834",-5.93683803084539,0.148593801458188,-4.1135359016704
"835",-6.34693150846158,-1.01899480619256,-4.12376416400649
"836",-4.27348156586776,-0.647382259023441,-5.022384978313
"837",-2.59489518298041,-0.495862357682691,-4.74281924478487
"838",-3.59236254680149,-1.42458842546322,-3.87691081589485
"839",-4.9817640716345,-1.42470029712902,-4.52205491514196
"840",-5.24547203773824,0.0989786582546346,-6.2983308400917
"841",-4.3347911198481,-1.09467644776578,-4.5688004552297
"842",-4.37207993395602,-1.602068760702,-4.00822562538726
"843",-5.66590274841818,-1.44409282167901,-2.6619646406977
"844",-3.93229984200714,1.11480647122716,-2.81841917577361
"845",-3.21653985763062,0.528997988158321,-2.59700401547274
"846",-3.63109314649794,0.995522579033483,-2.1607515756649
"847",-3.13883958090191,0.0681434813549014,-1.8478630285242
"848",-0.881553126744921,2.91610659649281,-2.13397030535756
"849",2.31065252860928,2.05499888903434,0.391415010419318
"850",2.9923587328161,0.577815198683405,1.99163939592368
"851",3.37124398846336,0.15387830783375,2.36517007358521
"852",2.07189251530024,-1.0218596343964,0.882560379080432
"853",1.46352325794754,-1.43904266522769,1.50026788195245
"854",0.362760875209803,-2.39236174516006,-0.046501917747987
"855",0.484261239452605,-3.80438835031988,-1.76685287850937
"856",-4.11233044209269,-1.1761413924802,-4.86179984635132
"857",-5.33648565760073,-0.932412791478434,-5.12680756768765
"858",-4.620011206476,-3.15883603823093,-6.17837417804526
"859",-7.95851599331742,-2.12498172779198,-7.00693946837383
"860",-9.4958309659259,-1.70665417890222,-9.47998354720309
"861",-8.47625437117243,-0.340760171852586,-9.36655084767488
"862",-7.50352525507688,0.238156214509524,-7.5351874441078
"863",-4.39828081880839,1.19343181924269,-3.61733910410383
"864",-3.84288191359372,1.41377596605457,-1.41317492833252
"865",-2.24519024681918,-1.13158110109117,-0.512761676434419
"866",-3.14541947605658,0.679497386632155,-1.3401253053451
"867",-2.48743209167754,0.0296048758674226,-0.666587070489871
"868",-2.62961661565831,0.593864275976212,0.183612671863102
"869",-1.82506727972489,0.902830056429622,1.18040092742989
"870",-1.58628054194692,1.11547413518726,2.4062076416427
"871",0.0579180119563308,1.35031456477988,2.3652152221687
"872",0.759530381765269,0.684498361810919,2.99582406403268
"873",0.765679182524801,1.02997540750731,3.70295500302429
"874",1.60728595347302,2.57901616172534,2.4953389136237
"875",4.69926473358168,3.2451933670953,2.79587050974876
"876",4.78832945717965,0.829250689344114,5.86423385822864
"877",4.66378683838429,-0.980029173243314,5.10572149833572
"878",2.44007441124745,-0.811732827602079,3.05230400735156
"879",0.915718816855091,1.35180057969073,2.64457234321413
"880",3.41748702259901,0.690582061068846,0.682913025076906
"881",3.87830639881793,-0.189683751551397,2.80080335497362
"882",-0.168219397064789,0.295623986594747,3.43127785135301
"883",0.621672403324382,-1.10644291208009,2.87539599991653
"884",-0.191354286445004,1.10832826885788,1.51536061435703
"885",0.568101019007564,0.437509243926005,2.20746298612478
"886",0.882376990641242,1.87865927931367,2.56411656491889
"887",1.62390151984809,0.927008403580968,4.84285669196811
"888",0.754324750856341,0.498198690255631,5.17869602443206
"889",1.25846633596058,-1.87778003829655,5.09952168973981
"890",-0.830470429320453,0.140483631209499,4.14753215797935
"891",1.52998882527819,-0.520239077820093,3.31396678313609
"892",-0.819080959417981,-0.593231085832757,1.47339636908099
"893",-3.12415495326239,-1.11234040846888,0.0765918723545946
"894",-3.8143586808479,-0.123798768388187,-0.600923453027466
"895",-2.88840184985572,-0.137745682623273,-0.189068387627146
"896",-1.71154940532619,1.88473922728835,0.0542169764652131
"897",0.393550123345679,1.43292373541416,0.146090531057245
"898",1.69344733259969,0.178139801855908,2.31773534172419
"899",0.392946560832501,-0.833470965972078,2.8580926162905
"900",0.55013165353934,0.838183549347285,3.40750105290178
"901",1.35289614777387,1.09998633888848,3.98765015997097
"902",1.63002298242317,0.123592180371701,4.09712116712363
"903",1.19091342840622,-0.708553090460602,4.70366014359445
"904",-1.57362018863816,-0.702946504718351,2.60588293985644
"905",-2.44490641715613,-0.376927683997792,0.603923953021187
"906",-0.80610967157774,-1.62266985371762,1.44964802634872
"907",-1.1759681813154,0.616743234704403,0.942872401720055
"908",0.742060467274056,2.40799189214792,0.706327889896068
"909",2.30592665689787,2.49391290186475,2.93948551634022
"910",5.42720924765966,1.31358932446357,3.2679420564291
"911",6.81441981587846,1.16266369469403,4.117545864254
"912",7.26393192402545,0.383670938954763,4.65891801015964
"913",5.20427928312417,0.326190155239503,4.66475622879001
"914",3.9037592539867,0.0827329138447552,5.48755317042809
"915",2.73448270204012,0.259525803644371,4.12888998151664
"916",1.07139197674219,0.573872280718529,1.86546207127557
"917",1.43466994317311,0.793537011832797,0.822949802904801
"918",2.10101227628575,-0.079329483507543,2.16228323891886
"919",1.97479125864912,0.970628103649896,1.23768888237353
"920",3.24307339557996,0.737397985249004,3.98009184369973
"921",2.95271129440976,-0.394408058757982,5.19660079346027
"922",1.78852771505568,0.125314393280529,4.09603941068897
"923",1.50544935909676,-0.332451985184252,3.90308331948837
"924",1.53768770304303,-0.362678889205413,4.70209520186013
"925",0.915251814636781,0.329067600686452,3.22734897144182
"926",0.433253939073317,0.448167708844215,2.41438652767627
"927",2.18385807329808,2.21618499373428,0.424923973059446
"928",2.3884265198554,2.7634062182852,1.63742046221287
"929",5.49370408824108,3.24835970402303,3.32742571618598
"930",5.04788269920915,3.36484313021033,5.01756863949718
"931",6.04753676157134,3.05771851676895,7.38210664981769
"932",6.44655345660287,1.44122577433413,6.6615017246034
"933",5.58907951693255,0.56633252755029,6.4535794302118
"934",3.61335589544838,0.459126194457213,6.72949617436887
"935",4.59076009928664,0.234845486822507,5.44515886702906
"936",4.33779172114142,0.477839392280755,4.10501876204661
"937",3.12418510915156,1.54579877661614,4.07544474354992
"938",3.51151456319483,1.29912578902277,1.49618083288227
"939",2.96261003492303,0.283707597919495,3.87566827849893
"940",2.33634386717262,-0.304919277479801,4.24063988302264
"941",2.04391693961018,-0.203902398983709,5.61904882961479
"942",3.55682318571313,0.577522548426114,3.90276559931381
"943",3.49671438553612,-0.0799034438831326,1.46481077989487
"944",2.56925533080537,-0.413135528228445,1.3488350085472
"945",2.24156311384087,0.777183801610362,-0.11874210745129
"946",2.41614347990082,1.02721913161943,0.131335676312866
"947",1.63068954813236,0.337649161227792,0.484930963561688
"948",1.39062872063417,-0.410515368932085,-0.00662589040269179
"949",0.902053242564551,-0.5044594173928,-2.08916321389284
"950",1.74562851666062,-0.463383674224946,-1.51135043272111
"951",0.456819434679523,-1.0345124011891,-1.51716668023392
"952",1.37969839770289,-0.503084884633578,-0.758558466887415
"953",-0.258447906172035,-1.16258080567144,-1.72651828533732
"954",0.691543148305733,-1.42776084423812,-3.08330825860433
"955",-0.809267935524807,-1.15959980181961,-2.98747955644765
"956",-0.29287014912924,-1.67477662930092,-3.90309249355481
"957",-0.537201549144072,-0.866633031655318,-6.41400615277498
"958",-0.965479977081205,-1.43336557867862,-5.02259194091791
"959",-2.92003604725651,-1.46048867683925,-5.43984305104336
"960",-3.2303486748388,0.0168541645143712,-5.56479347368129
"961",-3.79757696793397,-2.04119801733175,-5.07727659970035
"962",-2.80404111199235,-2.8129703242143,-6.68936826818711
"963",-4.85716470293613,-2.71151748549481,-8.92188480779253
"964",-6.41514279566685,-2.97529394305761,-10.2378206112484
"965",-9.03046432825678,-3.18449545597052,-11.1872587734227
"966",-9.98099849612158,-3.23060759024429,-9.59011757378243
"967",-11.2791686987636,-2.10246351734073,-10.6603838296743
"968",-10.7383640087503,-4.2872015773911,-10.2236678448108
"969",-11.1224762064241,-4.28691150808407,-14.8413059614414
"970",-12.4768969824312,-3.79130291805347,-15.1623930704641
"971",-12.6989647251778,-2.8293140528769,-17.3407607040877
"972",-13.7991713864029,-2.97000320911581,-14.3915879287532
"973",-12.6517093484796,-2.38306534166208,-12.630820713416
"974",-11.7579533154678,-0.456921769168632,-12.1913129692369
"975",-9.1901682793547,0.842745099727793,-9.14838941015402
"976",-6.51554959063953,0.349031245372177,-6.8176549236395
"977",-5.53307513426085,-0.957592935814532,-6.20278164055103
"978",-5.39825792740051,-2.29881870870965,-5.1049775067115
"979",-4.62106614134037,-2.84592220990936,-5.21154731830147
"980",-5.28529953600758,-2.63269196039559,-6.17966558417617
"981",-5.47081329781289,-1.15981085849619,-6.47506912993754
"982",-4.37405731936353,-0.897051466942491,-6.49021719248273
"983",-3.78623450840269,0.0496552939300213,-5.81004714343045
"984",-4.0398942295262,-0.334418439234484,-3.74851310751846
"985",-2.42880720613307,-1.80506425144559,-3.73823734561417
"986",-3.42985097704864,-0.904055999646097,-5.59772998830234
"987",-1.45010024371921,-0.245156232989495,-3.97085703291401
"988",-1.70548198541,-0.51931905938552,-2.81094658468074
"989",-0.40885309376377,0.374436382675862,-3.14531573391868
"990",0.213711216433738,0.824818799544074,-2.32873718101708
"991",1.96601734428676,2.08711559702693,-1.41731530517569
"992",4.60197855480061,0.717382077964222,-0.162169133482211
"993",5.94949462092998,0.114545156213871,-0.126889185743129
"994",5.91182412599573,1.81012709772992,0.940562971214098
"995",3.76216147537986,2.40965319533355,2.69327190039174
"996",5.45810273254259,2.47174794823647,2.49634039346179
"997",6.31005438921958,2.87289160325549,2.7919441731044
"998",5.64121529675884,2.05298490957796,4.43681208456333
"999",5.66281156851761,1.19224445290342,4.96082434857109
"1000",5.82936595114324,-0.237777248236174,4.59111014249665
